player,team,position,price,minutes_avg,goals,assists,xg90,xa90,next_opponent
Riccardo Calafiori,ARS,DEF,5.6,18.00,1,2,0.165,0.025,TOT (A)
Jurriën Timber,ARS,DEF,6.4,72.00,2,4,0.144,0.093,TOT (A)
Gabriel dos Santos Magalhães,ARS,DEF,7.1,72.00,3,2,0.097,0.046,TOT (A)
Benjamin White,ARS,DEF,5.1,6.40,0,1,0.095,0.108,TOT (A)
William Saliba,ARS,DEF,6.1,54.00,0,0,0.029,0.020,TOT (A)
Myles Lewis-Skelly,ARS,DEF,5.1,0.00,0,0,0.022,0.039,TOT (A)
Piero Hincapié,ARS,DEF,5.1,46.80,0,1,0.000,0.048,TOT (A)
Cristhian Mosquera,ARS,DEF,5.3,18.00,0,0,0.000,0.010,TOT (A)
Brayden Clarke,ARS,DEF,3.8,0.00,0,0,0.000,0.000,TOT (A)
Jakub Kiwior,ARS,DEF,5.4,0.00,0,0,0.000,0.000,TOT (A)
Josh Nichols,ARS,DEF,3.7,0.00,0,0,0.000,0.000,TOT (A)
Maldini Kacurri,ARS,DEF,3.9,0.00,0,0,0.000,0.000,TOT (A)
Marli Salmon,ARS,DEF,4.0,0.00,0,0,0.000,0.000,TOT (A)
Gabriel Fernando de Jesus,ARS,FWD,6.4,26.00,2,0,0.565,0.058,TOT (A)
Viktor Gyökeres,ARS,FWD,8.8,45.40,8,0,0.451,0.073,TOT (A)
Kai Havertz,ARS,FWD,7.3,25.20,0,1,0.095,0.102,TOT (A)
David Raya Martín,ARS,GKP,5.9,72.00,0,0,0.000,0.002,TOT (A)
Karl Hein,ARS,GKP,4.0,0.00,0,0,0.000,0.000,TOT (A)
Kepa Arrizabalaga Revuelta,ARS,GKP,4.1,0.00,0,0,0.000,0.000,TOT (A)
Tommy Setford,ARS,GKP,3.9,0.00,0,0,0.000,0.000,TOT (A)
Max Dowman,ARS,MID,4.2,0.00,0,1,0.579,0.000,TOT (A)
Gabriel Martinelli Silva,ARS,MID,6.8,13.60,1,3,0.410,0.115,TOT (A)
Bukayo Saka,ARS,MID,9.8,22.00,4,7,0.373,0.340,TOT (A)
Leandro Trossard,ARS,MID,6.8,64.40,5,5,0.322,0.193,TOT (A)
Mikel Merino Zazón,ARS,MID,5.4,6.40,4,3,0.270,0.131,TOT (A)
Eberechi Eze,ARS,MID,7.2,21.80,4,3,0.208,0.136,TOT (A)
Ethan Nwaneri,ARS,MID,5.0,0.00,0,0,0.192,0.028,TOT (A)
Noni Madueke,ARS,MID,6.8,40.60,2,1,0.167,0.289,TOT (A)
Christian Nørgaard,ARS,MID,5.1,0.20,0,0,0.162,0.000,TOT (A)
Declan Rice,ARS,MID,7.6,72.00,4,7,0.147,0.241,TOT (A)
Martín Zubimendi Ibáñez,ARS,MID,5.3,65.40,5,1,0.106,0.072,TOT (A)
Martin Ødegaard,ARS,MID,7.8,26.20,1,5,0.086,0.247,TOT (A)
Albert Sambi Lokonga,ARS,MID,4.5,0.00,0,0,0.000,0.000,TOT (A)
Andre Harriman-Annous,ARS,MID,4.4,0.00,0,0,0.000,0.000,TOT (A)
Fábio Ferreira Vieira,ARS,MID,5.4,0.00,0,0,0.000,0.000,TOT (A)
Ismeal Kabia,ARS,MID,4.5,0.00,0,0,0.000,0.000,TOT (A)
Ian Maatsen,AVL,DEF,4.2,71.00,0,0,0.077,0.147,LEE (H)
Tyrone Mings,AVL,DEF,4.3,39.00,0,1,0.052,0.022,LEE (H)
Pau Torres,AVL,DEF,4.3,50.80,0,1,0.047,0.001,LEE (H)
Matty Cash,AVL,DEF,4.9,72.00,3,2,0.043,0.095,LEE (H)
Lucas Digne,AVL,DEF,4.5,23.40,0,4,0.040,0.126,LEE (H)
Ezri Konsa Ngoyo,AVL,DEF,4.4,90.00,0,0,0.032,0.023,LEE (H)
Victor Lindelöf,AVL,DEF,4.5,1.40,0,1,0.003,0.097,LEE (H)
Lamare Bogarde,AVL,DEF,4.0,45.40,0,0,0.000,0.006,LEE (H)
Andrés García,AVL,DEF,3.9,0.00,0,0,0.000,0.000,LEE (H)
Leon Routh,AVL,DEF,4.0,0.00,0,0,0.000,0.000,LEE (H)
Lino da Cruz Sousa,AVL,DEF,3.8,0.00,0,0,0.000,0.000,LEE (H)
TJ Carroll,AVL,DEF,4.0,0.00,0,0,0.000,0.000,LEE (H)
Travis Patterson,AVL,DEF,3.9,0.00,0,0,0.000,0.000,LEE (H)
Triston Rowe,AVL,DEF,4.0,0.00,0,0,0.000,0.000,LEE (H)
Yasin Özcan,AVL,DEF,4.0,0.00,0,0,0.000,0.000,LEE (H)
Álex Moreno Lopera,AVL,DEF,4.0,0.00,0,0,0.000,0.000,LEE (H)
Ollie Watkins,AVL,FWD,8.6,67.60,8,2,0.501,0.060,LEE (H)
Tammy Abraham,AVL,FWD,6.0,36.33,0,0,0.424,0.052,LEE (H)
Zépiqueno Redmond,AVL,FWD,4.5,0.00,0,0,0.000,0.000,LEE (H)
Emiliano Martínez Romero,AVL,GKP,5.0,90.00,0,0,0.000,0.002,LEE (H)
Filip Marschall,AVL,GKP,4.0,0.00,0,0,0.000,0.000,LEE (H)
James Wright,AVL,GKP,3.9,0.00,0,0,0.000,0.000,LEE (H)
Joe Gauci,AVL,GKP,4.0,0.00,0,0,0.000,0.000,LEE (H)
Marco Bizot,AVL,GKP,4.2,0.00,0,0,0.000,0.000,LEE (H)
Ronnie Hollingshead,AVL,GKP,4.0,0.00,0,0,0.000,0.000,LEE (H)
Sam Proctor,AVL,GKP,3.9,0.00,0,0,0.000,0.000,LEE (H)
Donyell Malen,AVL,MID,5.1,0.00,4,2,0.711,0.055,LEE (H)
Ross Barkley,AVL,MID,4.8,8.60,1,1,0.259,0.274,LEE (H)
Emiliano Buendía Stati,AVL,MID,5.3,75.60,5,2,0.201,0.112,LEE (H)
Morgan Rogers,AVL,MID,7.6,90.00,8,5,0.177,0.209,LEE (H)
Leon Bailey,AVL,MID,5.5,26.00,0,0,0.135,0.227,LEE (H)
John McGinn,AVL,MID,5.4,3.40,3,2,0.129,0.108,LEE (H)
Jadon Sancho,AVL,MID,5.8,53.80,0,1,0.115,0.230,LEE (H)
Youri Tielemans,AVL,MID,5.9,32.60,0,4,0.111,0.183,LEE (H)
George Hemmings,AVL,MID,4.5,3.40,0,0,0.092,0.000,LEE (H)
Boubacar Kamara,AVL,MID,4.9,0.00,1,3,0.066,0.046,LEE (H)
Amadou Onana,AVL,MID,4.8,50.40,2,0,0.060,0.027,LEE (H)
Douglas Luiz Soares de Paulo,AVL,MID,4.9,49.80,0,1,0.037,0.166,LEE (H)
Alysson Edward Franco da Rocha dos Santos,AVL,MID,5.0,3.20,0,0,0.000,0.000,LEE (H)
Ben Broggio,AVL,MID,4.4,0.00,0,0,0.000,0.000,LEE (H)
Bradley Burrowes,AVL,MID,4.4,0.00,0,0,0.000,0.000,LEE (H)
Enzo Barrenechea,AVL,MID,5.0,0.00,0,0,0.000,0.000,LEE (H)
Harvey Elliott,AVL,MID,5.1,2.60,0,0,0.000,0.000,LEE (H)
Jamaldeen Jimoh-Aloba,AVL,MID,4.5,0.00,0,0,0.000,0.000,LEE (H)
Kadan Young,AVL,MID,4.3,0.00,0,0,0.000,0.000,LEE (H)
Leander Dendoncker,AVL,MID,4.5,0.00,0,0,0.000,0.000,LEE (H)
Lewis Dobbin,AVL,MID,5.0,0.00,0,0,0.000,0.000,LEE (H)
Samuel Iling-Junior,AVL,MID,5.5,0.00,0,0,0.000,0.000,LEE (H)
Maxim De Cuyper,BHA,DEF,4.3,28.20,2,0,0.126,0.195,BRE (A)
Joël Veltman,BHA,DEF,4.3,40.00,1,0,0.111,0.029,BRE (A)
Jan Paul van Hecke,BHA,DEF,4.4,66.00,3,2,0.106,0.022,BRE (A)
Ferdi Kadıoğlu,BHA,DEF,4.4,89.60,0,1,0.061,0.097,BRE (A)
Lewis Dunk,BHA,DEF,4.5,90.00,0,1,0.033,0.020,BRE (A)
Olivier Boscagli,BHA,DEF,4.2,41.40,0,1,0.005,0.017,BRE (A)
Adam Webster,BHA,DEF,4.4,0.00,0,0,0.000,0.000,BRE (A)
Charlie Tasker,BHA,DEF,3.8,0.00,0,0,0.000,0.000,BRE (A)
Diego Coppola,BHA,DEF,4.2,0.00,0,0,0.000,0.000,BRE (A)
Eiran Cashin,BHA,DEF,4.0,0.00,0,0,0.000,0.000,BRE (A)
Freddie Simmonds,BHA,DEF,4.0,0.00,0,0,0.000,0.000,BRE (A)
Igor Julio dos Santos de Paulo,BHA,DEF,4.5,0.00,0,0,0.000,0.000,BRE (A)
Jacob Slater,BHA,DEF,4.0,0.00,0,0,0.000,0.000,BRE (A)
Pervis Estupiñán Tenorio,BHA,DEF,4.5,0.00,0,0,0.000,0.000,BRE (A)
Tariq Lamptey,BHA,DEF,4.4,0.00,0,0,0.000,0.000,BRE (A)
Charalampos Kostoulas,BHA,FWD,4.8,25.00,2,1,0.639,0.231,BRE (A)
Danny Welbeck,BHA,FWD,6.1,66.20,8,0,0.520,0.046,BRE (A)
Stefanos Tzimas,BHA,FWD,5.2,0.00,1,1,0.507,0.312,BRE (A)
Evan Ferguson,BHA,FWD,5.5,0.00,0,0,0.000,0.000,BRE (A)
Bart Verbruggen,BHA,GKP,4.5,90.00,0,0,0.000,0.003,BRE (A)
Carl Rushworth,BHA,GKP,4.0,0.00,0,0,0.000,0.000,BRE (A)
Jason Steele,BHA,GKP,4.2,0.00,0,0,0.000,0.000,BRE (A)
Kjell Scherpen,BHA,GKP,4.0,0.00,0,0,0.000,0.000,BRE (A)
Tom McGill,BHA,GKP,3.9,0.00,0,0,0.000,0.000,BRE (A)
Matt O'Riley,BHA,MID,5.5,1.60,1,0,0.589,0.088,BRE (A)
Diego Gómez Amarilla,BHA,MID,4.9,48.80,3,0,0.265,0.072,BRE (A)
Brajan Gruda,BHA,MID,5.4,13.00,1,1,0.223,0.153,BRE (A)
James Milner,BHA,MID,4.9,15.60,1,1,0.220,0.130,BRE (A)
Yankuba Minteh,BHA,MID,5.6,18.20,1,8,0.168,0.212,BRE (A)
Mitoma Kaoru,BHA,MID,6.1,88.00,2,1,0.167,0.148,BRE (A)
Georginio Rutter,BHA,MID,5.6,33.20,2,4,0.139,0.185,BRE (A)
Yasin Ayari,BHA,MID,4.8,36.00,3,3,0.102,0.053,BRE (A)
Pascal Groß,BHA,MID,5.5,89.40,1,0,0.093,0.197,BRE (A)
Jack Hinshelwood,BHA,MID,5.1,32.60,1,2,0.093,0.042,BRE (A)
Mats Wieffer,BHA,MID,4.9,0.00,0,4,0.085,0.205,BRE (A)
Tom Watson,BHA,MID,4.8,0.00,0,0,0.051,0.000,BRE (A)
Carlos Baleba,BHA,MID,4.5,57.00,0,0,0.025,0.007,BRE (A)
Abdallah Sima,BHA,MID,5.4,0.00,0,0,0.000,0.000,BRE (A)
Adrian Mazilu,BHA,MID,4.5,0.00,0,0,0.000,0.000,BRE (A)
Andrew Moran,BHA,MID,4.5,0.00,0,0,0.000,0.000,BRE (A)
Harry Howell,BHA,MID,4.5,15.80,0,0,0.000,0.000,BRE (A)
Jeremy Sarmiento Morante,BHA,MID,4.9,0.00,0,0,0.000,0.000,BRE (A)
Joe Knight,BHA,MID,4.4,0.00,0,0,0.000,0.000,BRE (A)
Julio Enciso Espínola,BHA,MID,5.4,0.00,0,0,0.000,0.000,BRE (A)
Malick Yalcouyé,BHA,MID,5.0,0.00,0,0,0.000,0.000,BRE (A)
Nehemiah Oriola,BHA,MID,4.5,0.00,0,0,0.000,0.000,BRE (A)
Solly March,BHA,MID,5.8,0.00,0,0,0.000,0.000,BRE (A)
Veljko Milosavljevic,BOU,DEF,4.4,0.20,0,0,0.089,0.017,WHU (A)
Álex Jiménez Sánchez,BOU,DEF,4.5,86.80,1,2,0.053,0.049,WHU (A)
Marcos Senesi Barón,BOU,DEF,4.8,90.00,0,4,0.048,0.161,WHU (A)
James Hill,BOU,DEF,4.0,90.00,0,3,0.015,0.089,WHU (A)
Adrien Truffert,BOU,DEF,4.5,90.00,0,2,0.014,0.068,WHU (A)
Bafodé Diakité,BOU,DEF,4.2,2.40,0,0,0.001,0.013,WHU (A)
Adam Smith,BOU,DEF,4.4,40.80,0,1,0.000,0.054,WHU (A)
Chris Mepham,BOU,DEF,4.0,0.00,0,0,0.000,0.000,WHU (A)
Illia Zabarnyi,BOU,DEF,5.0,0.00,0,0,0.000,0.000,WHU (A)
Julio Soler Barreto,BOU,DEF,4.0,0.00,0,0,0.000,0.000,WHU (A)
Julián Araujo Zúñiga,BOU,DEF,3.8,0.00,0,0,0.000,0.000,WHU (A)
Matai Akinmboni,BOU,DEF,3.8,0.00,0,0,0.000,0.000,WHU (A)
Owen Bevan,BOU,DEF,3.8,0.00,0,0,0.000,0.000,WHU (A)
Enes Ünal,BOU,FWD,5.4,7.80,1,0,0.972,0.000,WHU (A)
Junior Kroupi,BOU,FWD,4.7,60.00,8,0,0.453,0.061,WHU (A)
Francisco Evanilson de Lima Barbosa,BOU,FWD,7.0,82.00,5,3,0.364,0.046,WHU (A)
Daniel Adu-Adjei,BOU,FWD,4.4,0.00,0,0,0.000,0.000,WHU (A)
Alex Paulsen,BOU,GKP,4.0,0.00,0,0,0.000,0.000,WHU (A)
Callan McKenna,BOU,GKP,3.9,0.00,0,0,0.000,0.000,WHU (A)
Christos Mandas,BOU,GKP,4.0,0.00,0,0,0.000,0.000,WHU (A)
Fraser Forster,BOU,GKP,4.0,0.00,0,0,0.000,0.000,WHU (A)
Norberto Murara Neto,BOU,GKP,4.5,0.00,0,0,0.000,0.000,WHU (A)
Will Dennis,BOU,GKP,4.0,0.00,0,0,0.000,0.000,WHU (A)
Đorđe Petrović,BOU,GKP,4.5,90.00,0,0,0.000,0.000,WHU (A)
David Brooks,BOU,MID,5.0,2.60,1,2,0.449,0.323,WHU (A)
Amine Adli,BOU,MID,5.4,80.80,3,2,0.382,0.117,WHU (A)
Ryan Christie,BOU,MID,4.9,33.40,1,1,0.297,0.189,WHU (A)
Marcus Tavernier,BOU,MID,5.3,14.00,5,3,0.245,0.138,WHU (A)
Rayan Vitor Simplício Rocha,BOU,MID,5.5,66.00,2,1,0.227,0.327,WHU (A)
Justin Kluivert,BOU,MID,7.0,0.00,2,0,0.218,0.227,WHU (A)
Alex Tóth,BOU,MID,5.0,16.50,0,0,0.136,0.153,WHU (A)
Alex Scott,BOU,MID,5.0,90.00,2,2,0.109,0.062,WHU (A)
Tyler Adams,BOU,MID,4.9,0.00,2,1,0.062,0.005,WHU (A)
Lewis Cook,BOU,MID,4.9,74.00,0,1,0.006,0.037,WHU (A)
Ben Gannon-Doak,BOU,MID,4.8,0.00,0,1,0.000,0.000,WHU (A)
Ben Winterburn,BOU,MID,4.5,0.00,0,0,0.000,0.000,WHU (A)
Charlie Stevens,BOU,MID,4.5,0.00,0,0,0.000,0.000,WHU (A)
Dominic Sadi,BOU,MID,4.5,0.00,0,0,0.000,0.000,WHU (A)
Hamed Traorè,BOU,MID,4.5,0.00,0,1,0.000,0.000,WHU (A)
Luis Sinisterra Lucumí,BOU,MID,5.0,0.00,0,0,0.000,0.000,WHU (A)
Malcom DaCosta,BOU,MID,4.5,0.00,0,0,0.000,0.000,WHU (A)
Philip Billing,BOU,MID,4.9,0.00,0,0,0.000,0.000,WHU (A)
Remy Rees-Dottin,BOU,MID,4.3,0.00,0,0,0.000,0.000,WHU (A)
Romain Faivre,BOU,MID,4.5,0.00,0,0,0.000,0.000,WHU (A)
Zain Silcott-Duberry,BOU,MID,4.4,0.00,0,0,0.000,0.000,WHU (A)
Keane Lewis-Potter,BRE,DEF,4.8,36.40,3,1,0.160,0.114,BHA (H)
Sepp van den Berg,BRE,DEF,4.5,64.60,0,1,0.111,0.046,BHA (H)
Nathan Collins,BRE,DEF,5.0,42.00,1,2,0.101,0.079,BHA (H)
Aaron Hickey,BRE,DEF,4.0,7.60,0,0,0.090,0.102,BHA (H)
Kristoffer Ajer,BRE,DEF,4.4,79.20,0,2,0.069,0.054,BHA (H)
Michael Kayode,BRE,DEF,4.5,88.00,0,1,0.012,0.085,BHA (H)
Rico Henry,BRE,DEF,4.3,82.00,0,1,0.012,0.013,BHA (H)
Benjamin Arthur,BRE,DEF,3.8,0.00,0,0,0.000,0.000,BHA (H)
Benjamin Fredrick,BRE,DEF,4.0,0.00,0,0,0.000,0.000,BHA (H)
Ethan Pinnock,BRE,DEF,4.2,0.00,0,0,0.000,0.000,BHA (H)
Jayden Meghoma,BRE,DEF,4.0,0.00,0,0,0.000,0.000,BHA (H)
Kim Ji-soo,BRE,DEF,3.9,0.00,0,0,0.000,0.000,BHA (H)
Mads Roerslev Rasmussen,BRE,DEF,4.5,0.00,0,0,0.000,0.000,BHA (H)
Igor Thiago Nascimento Rodrigues,BRE,FWD,7.0,90.00,17,1,0.595,0.041,BHA (H)
Iwan Morgan,BRE,FWD,4.4,0.00,0,0,0.000,0.000,BHA (H)
Kaye Furo,BRE,FWD,4.5,0.00,0,0,0.000,0.000,BHA (H)
Caoimhín Kelleher,BRE,GKP,4.6,90.00,0,0,0.000,0.002,BHA (H)
Ellery Balcombe,BRE,GKP,3.9,0.00,0,0,0.000,0.000,BHA (H)
Hákon Rafn Valdimarsson,BRE,GKP,3.9,0.00,0,0,0.000,0.000,BHA (H)
Julian Eyestone,BRE,GKP,3.9,0.00,0,0,0.000,0.000,BHA (H)
Matthew Cox,BRE,GKP,3.9,0.00,0,0,0.000,0.000,BHA (H)
Reiss Nelson,BRE,MID,4.8,0.00,0,0,1.134,0.000,BHA (H)
Romelle Donovan,BRE,MID,4.4,2.20,0,0,1.021,0.481,BHA (H)
Kevin Schade,BRE,MID,6.9,42.40,6,4,0.385,0.191,BHA (H)
Dango Ouattara,BRE,MID,5.8,61.00,5,5,0.347,0.162,BHA (H)
Mikkel Damsgaard,BRE,MID,5.6,26.40,1,3,0.094,0.328,BHA (H)
Mathias Jensen,BRE,MID,4.9,86.20,2,2,0.089,0.232,BHA (H)
Yehor Yarmoliuk,BRE,MID,5.0,61.20,1,2,0.057,0.052,BHA (H)
Vitaly Janelt,BRE,MID,4.9,90.00,1,4,0.051,0.273,BHA (H)
Jordan Henderson,BRE,MID,5.0,28.00,1,3,0.033,0.154,BHA (H)
Frank Onyeka,BRE,MID,4.8,0.00,0,2,0.000,0.491,BHA (H)
Antoni Milambo,BRE,MID,5.2,0.00,0,0,0.000,0.000,BHA (H)
Fábio Freitas Gouveia Carvalho,BRE,MID,4.7,0.00,1,0,0.000,0.000,BHA (H)
Gustavo Nunes Fernandes Gomes,BRE,MID,4.9,0.00,0,0,0.000,0.000,BHA (H)
Josh Dasilva,BRE,MID,4.9,0.00,0,0,0.000,0.000,BHA (H)
Luka Bentt,BRE,MID,4.5,0.00,0,0,0.000,0.000,BHA (H)
Myles Peart-Harris,BRE,MID,4.4,0.00,0,0,0.000,0.000,BHA (H)
Paris Maghoma,BRE,MID,4.5,0.00,0,0,0.000,0.000,BHA (H)
Ryan Trevitt,BRE,MID,4.5,0.00,0,0,0.000,0.000,BHA (H)
Yunus Emre Konak,BRE,MID,4.3,0.00,0,0,0.000,0.000,BHA (H)
Oliver Sonne,BUR,DEF,3.8,0.00,1,0,0.227,0.016,CHE (A)
Axel Tuanzebe,BUR,DEF,3.9,45.00,1,0,0.054,0.000,CHE (A)
Hjalmar Ekdal,BUR,DEF,3.9,3.20,0,0,0.040,0.012,CHE (A)
Lucas Pires Silva,BUR,DEF,3.8,72.00,0,0,0.032,0.099,CHE (A)
Bashir Humphreys,BUR,DEF,3.9,90.00,0,2,0.022,0.067,CHE (A)
Maxime Estève,BUR,DEF,3.9,86.60,0,0,0.010,0.032,CHE (A)
Quilindschy Hartman,BUR,DEF,4.0,0.00,0,5,0.008,0.119,CHE (A)
Kyle Walker,BUR,DEF,4.4,90.00,0,2,0.003,0.051,CHE (A)
Connor Roberts,BUR,DEF,4.4,0.00,0,0,0.000,0.000,CHE (A)
Hannes Delcroix,BUR,DEF,3.8,0.00,0,0,0.000,0.000,CHE (A)
Joe Worrall,BUR,DEF,3.8,18.00,0,0,0.000,0.000,CHE (A)
Jordan Beyer,BUR,DEF,3.9,0.00,0,0,0.000,0.000,CHE (A)
Owen Dodgson,BUR,DEF,4.0,0.00,0,0,0.000,0.000,CHE (A)
Shurandy Sambo,BUR,DEF,4.0,0.00,0,0,0.000,0.000,CHE (A)
Ashley Barnes,BUR,FWD,4.2,0.00,0,0,1.484,0.000,CHE (A)
Zian Flemming,BUR,FWD,5.3,33.00,5,0,0.521,0.033,CHE (A)
Armando Broja,BUR,FWD,5.2,35.80,1,1,0.285,0.059,CHE (A)
Lyle Foster,BUR,FWD,4.9,27.80,3,1,0.225,0.071,CHE (A)
Michael Obafemi,BUR,FWD,4.4,0.00,0,0,0.000,0.000,CHE (A)
Zeki Amdouni,BUR,FWD,4.8,0.00,0,0,0.000,0.000,CHE (A)
Martin Dúbravka,BUR,GKP,4.0,90.00,0,0,0.000,0.001,CHE (A)
Etienne Green,BUR,GKP,4.0,0.00,0,0,0.000,0.000,CHE (A)
Max Weiß,BUR,GKP,4.3,0.00,0,0,0.000,0.000,CHE (A)
Václav Hladký,BUR,GKP,3.9,0.00,0,0,0.000,0.000,CHE (A)
Marcus Edwards,BUR,MID,4.7,75.80,1,3,0.222,0.256,CHE (A)
Jaidon Anthony,BUR,MID,5.0,82.80,6,2,0.175,0.103,CHE (A)
Jacob Bruun Larsen,BUR,MID,5.3,10.20,0,1,0.128,0.126,CHE (A)
Lesley Ugochukwu,BUR,MID,5.0,85.60,3,2,0.112,0.013,CHE (A)
Loum Tchaouna,BUR,MID,4.9,9.00,1,1,0.101,0.036,CHE (A)
Josh Cullen,BUR,MID,4.9,0.00,2,2,0.060,0.107,CHE (A)
Hannibal Mejbri,BUR,MID,4.7,35.60,1,2,0.049,0.230,CHE (A)
Florentino Ibrain Morris Luís,BUR,MID,5.0,53.40,0,2,0.031,0.022,CHE (A)
Josh Laurent,BUR,MID,4.8,41.20,1,0,0.030,0.028,CHE (A)
James Ward-Prowse,BUR,MID,5.6,1.40,0,0,0.028,0.197,CHE (A)
Aaron Ramsey,BUR,MID,4.4,0.00,0,0,0.000,0.000,CHE (A)
Darko Churlinov,BUR,MID,4.9,0.00,0,0,0.000,0.000,CHE (A)
Enock Agyei,BUR,MID,4.7,0.00,0,0,0.000,0.000,CHE (A)
George Brierley,BUR,MID,4.5,0.00,0,0,0.000,0.000,CHE (A)
Jaydon Banel,BUR,MID,4.5,0.00,0,0,0.000,0.000,CHE (A)
Luca Koleosho,BUR,MID,5.0,0.00,0,0,0.000,0.000,CHE (A)
Manuel Benson Hedilazio,BUR,MID,5.4,0.00,0,0,0.000,0.000,CHE (A)
Mike Trésor Ndayishimiye,BUR,MID,4.4,0.00,0,0,0.000,0.000,CHE (A)
Oliver Pimlott,BUR,MID,4.5,0.00,0,0,0.000,0.000,CHE (A)
Oluwaseun Adewumi,BUR,MID,4.5,0.00,0,0,0.000,0.000,CHE (A)
Malo Gusto,CHE,DEF,4.9,52.00,2,2,0.112,0.111,BUR (H)
Josh Acheampong,CHE,DEF,3.7,19.60,1,0,0.103,0.010,BUR (H)
Marc Cucurella Saseta,CHE,DEF,6.1,72.00,1,3,0.078,0.130,BUR (H)
Reece James,CHE,DEF,5.6,34.60,2,5,0.061,0.203,BUR (H)
Trevoh Chalobah,CHE,DEF,5.8,90.00,3,1,0.056,0.007,BUR (H)
Jorrel Hato,CHE,DEF,4.6,22.00,0,0,0.050,0.125,BUR (H)
Wesley Fofana,CHE,DEF,4.4,39.00,0,1,0.016,0.055,BUR (H)
Tosin Adarabioyo,CHE,DEF,4.0,11.40,0,0,0.009,0.053,BUR (H)
Benoît Badiashile Mukinayi,CHE,DEF,4.4,27.00,0,0,0.000,0.011,BUR (H)
Aarón Anselmino,CHE,DEF,4.0,0.00,0,0,0.000,0.000,BUR (H)
Levi Samuels Colwill,CHE,DEF,4.7,0.00,0,0,0.000,0.000,BUR (H)
Mamadou Sarr,CHE,DEF,4.5,0.00,0,0,0.000,0.000,BUR (H)
Marc Guiu Paz,CHE,FWD,4.2,0.00,0,1,0.532,0.106,BUR (H)
Liam Delap,CHE,FWD,6.2,27.40,1,2,0.522,0.013,BUR (H)
João Pedro Junqueira de Jesus,CHE,FWD,7.7,73.20,10,8,0.419,0.079,BUR (H)
Nicolas Jackson,CHE,FWD,6.5,0.00,0,0,0.000,0.000,BUR (H)
Robert Lynch Sánchez,CHE,GKP,4.9,90.00,0,1,0.000,0.002,BUR (H)
Filip Jörgensen,CHE,GKP,4.3,0.00,0,0,0.000,0.000,BUR (H)
Gabriel Słonina,CHE,GKP,3.9,0.00,0,0,0.000,0.000,BUR (H)
Max Merrick,CHE,GKP,4.0,0.00,0,0,0.000,0.000,BUR (H)
Mike Penders,CHE,GKP,4.0,0.00,0,0,0.000,0.000,BUR (H)
Teddy Sharman-Lowe,CHE,GKP,4.0,0.00,0,0,0.000,0.000,BUR (H)
Cole Palmer,CHE,MID,10.6,66.00,8,2,0.638,0.076,BUR (H)
Enzo Fernández,CHE,MID,6.9,88.80,8,3,0.416,0.276,BUR (H)
Estêvão Almeida de Oliveira Gonçalves,CHE,MID,6.4,27.20,2,5,0.344,0.259,BUR (H)
Alejandro Garnacho Ferreyra,CHE,MID,6.4,26.00,1,3,0.252,0.260,BUR (H)
Andrey Nascimento dos Santos,CHE,MID,4.5,56.80,0,0,0.192,0.079,BUR (H)
Pedro Lomba Neto,CHE,MID,7.0,68.60,5,4,0.188,0.228,BUR (H)
Jamie Bynoe-Gittens,CHE,MID,6.0,8.20,0,2,0.177,0.193,BUR (H)
Moisés Caicedo Corozo,CHE,MID,5.7,86.40,3,1,0.055,0.089,BUR (H)
Christopher Nkunku,CHE,MID,5.9,0.00,0,0,0.000,0.000,BUR (H)
Dário Luís Essugo,CHE,MID,4.3,0.00,0,0,0.000,0.000,BUR (H)
Kendry Páez Andrade,CHE,MID,4.5,0.00,0,0,0.000,0.000,BUR (H)
Landon Emenalo,CHE,MID,4.5,0.00,0,0,0.000,0.000,BUR (H)
Mykhailo Mudryk,CHE,MID,4.9,0.00,0,0,0.000,0.000,BUR (H)
Roméo Lavia,CHE,MID,4.9,0.00,0,0,0.000,0.000,BUR (H)
Daniel Muñoz Mejía,CRY,DEF,5.9,65.20,3,3,0.110,0.186,WOL (H)
Maxence Lacroix,CRY,DEF,5.1,90.00,0,2,0.096,0.046,WOL (H)
Nathaniel Clyne,CRY,DEF,3.8,0.00,0,1,0.056,0.139,WOL (H)
Tyrick Mitchell,CRY,DEF,5.0,84.80,1,0,0.049,0.061,WOL (H)
Chris Richards,CRY,DEF,4.4,90.00,1,0,0.039,0.015,WOL (H)
Jaydee Canvot,CRY,DEF,4.5,12.80,0,0,0.019,0.000,WOL (H)
Borna Sosa,CRY,DEF,4.8,5.00,0,0,0.000,0.109,WOL (H)
Caleb Kporha,CRY,DEF,4.0,0.00,0,0,0.000,0.000,WOL (H)
Chadi Riad Dnanou,CRY,DEF,4.0,23.80,0,1,0.000,0.000,WOL (H)
Danny Imray,CRY,DEF,4.0,0.00,0,0,0.000,0.000,WOL (H)
Dean Benamar,CRY,DEF,4.0,0.00,0,0,0.000,0.000,WOL (H)
George King,CRY,DEF,4.0,0.00,0,0,0.000,0.000,WOL (H)
Rob Holding,CRY,DEF,4.0,0.00,0,0,0.000,0.000,WOL (H)
Jean-Philippe Mateta,CRY,FWD,7.5,34.80,8,0,0.599,0.051,WOL (H)
Christantus Uche,CRY,FWD,5.5,8.20,0,1,0.581,0.000,WOL (H)
Eddie Nketiah,CRY,FWD,5.4,0.00,2,0,0.442,0.218,WOL (H)
Jørgen Strand Larsen,CRY,FWD,6.1,54.00,3,1,0.214,0.030,WOL (H)
Ben Casey,CRY,FWD,4.5,0.00,0,0,0.000,0.000,WOL (H)
Odsonne Édouard,CRY,FWD,5.0,0.00,0,0,0.000,0.000,WOL (H)
Zach Marsh,CRY,FWD,4.4,0.00,0,0,0.000,0.000,WOL (H)
Dean Henderson,CRY,GKP,5.0,90.00,0,0,0.000,0.001,WOL (H)
Remi Matthews,CRY,GKP,3.9,0.00,0,0,0.000,0.000,WOL (H)
Walter Benítez,CRY,GKP,4.0,0.00,0,0,0.000,0.000,WOL (H)
Ismaïla Sarr,CRY,MID,6.4,71.40,5,1,0.416,0.042,WOL (H)
Justin Devenny,CRY,MID,4.3,18.00,1,0,0.352,0.052,WOL (H)
Yéremy Pino Santos,CRY,MID,5.8,55.60,2,1,0.198,0.262,WOL (H)
Evann Guessand,CRY,MID,6.2,32.60,0,3,0.188,0.163,WOL (H)
Brennan Johnson,CRY,MID,6.5,57.80,2,0,0.147,0.060,WOL (H)
Will Hughes,CRY,MID,4.7,57.60,0,1,0.097,0.133,WOL (H)
Daichi Kamada,CRY,MID,5.0,16.80,0,2,0.084,0.062,WOL (H)
Jefferson Lerma Solís,CRY,MID,4.9,81.00,0,4,0.079,0.071,WOL (H)
Adam Wharton,CRY,MID,5.0,66.80,0,4,0.035,0.187,WOL (H)
Asher Agbinone,CRY,MID,4.3,0.00,0,0,0.000,0.000,WOL (H)
Cheick Doucouré,CRY,MID,4.9,0.00,0,0,0.000,0.000,WOL (H)
David Ozoh,CRY,MID,4.5,0.00,0,0,0.000,0.000,WOL (H)
Franco Umeh-Chibueze,CRY,MID,4.5,0.00,0,0,0.000,0.000,WOL (H)
Jesurun Rak-Sakyi,CRY,MID,4.4,0.00,0,0,0.000,0.000,WOL (H)
Joél Drakes-Thomas,CRY,MID,4.5,0.00,0,0,0.000,0.000,WOL (H)
Kaden Rodney,CRY,MID,4.4,0.00,0,0,0.000,0.000,WOL (H)
Malcolm Ebiowei,CRY,MID,4.5,0.00,0,0,0.000,0.000,WOL (H)
Matheus França de Oliveira,CRY,MID,4.5,0.00,0,0,0.000,0.000,WOL (H)
Naouirou Ahamada,CRY,MID,4.3,0.00,0,0,0.000,0.000,WOL (H)
Rio Cardines,CRY,MID,4.4,0.00,0,0,0.000,0.000,WOL (H)
Romain Esse,CRY,MID,4.7,0.00,0,0,0.000,0.000,WOL (H)
Michael Keane,EVE,DEF,4.7,36.20,3,0,0.154,0.005,MUN (H)
James Tarkowski,EVE,DEF,5.7,90.00,0,1,0.073,0.052,MUN (H)
Jarrad Branthwaite,EVE,DEF,5.3,45.60,0,1,0.068,0.008,MUN (H)
Nathan Patterson,EVE,DEF,4.4,32.20,0,0,0.064,0.000,MUN (H)
Jake O'Brien,EVE,DEF,4.9,85.60,0,2,0.034,0.028,MUN (H)
Vitalii Mykolenko,EVE,DEF,4.9,70.80,0,1,0.013,0.037,MUN (H)
Adam Aznou,EVE,DEF,4.2,0.00,0,0,0.000,0.000,MUN (H)
Elijah Campbell,EVE,DEF,3.9,0.00,0,0,0.000,0.000,MUN (H)
Reece Welch,EVE,DEF,3.8,0.00,0,0,0.000,0.000,MUN (H)
Roman Dixon,EVE,DEF,3.8,0.00,0,0,0.000,0.000,MUN (H)
Séamus Coleman,EVE,DEF,4.2,0.00,0,0,0.000,0.000,MUN (H)
Norberto Bercique Gomes Betuncal,EVE,FWD,5.0,11.40,3,0,0.526,0.015,MUN (H)
Thierno Barry,EVE,FWD,5.7,77.60,5,0,0.391,0.053,MUN (H)
Braiden Graham,EVE,FWD,4.5,0.00,0,0,0.000,0.000,MUN (H)
Martin Sherif,EVE,FWD,4.4,0.00,0,0,0.000,0.000,MUN (H)
Youssef Ramalho Chermiti,EVE,FWD,4.9,0.00,0,0,0.000,0.000,MUN (H)
Harry Tyrer,EVE,GKP,3.9,0.00,0,0,0.000,0.000,MUN (H)
Jordan Pickford,EVE,GKP,5.6,90.00,0,0,0.000,0.000,MUN (H)
Mark Travers,EVE,GKP,4.3,0.00,0,0,0.000,0.000,MUN (H)
Tom King,EVE,GKP,3.9,0.00,0,0,0.000,0.000,MUN (H)
Tyrique George,EVE,MID,4.8,16.40,0,0,0.243,0.000,MUN (H)
Iliman Ndiaye,EVE,MID,6.2,72.00,5,2,0.213,0.174,MUN (H)
Jack Grealish,EVE,MID,6.3,18.00,2,6,0.169,0.249,MUN (H)
Carlos Alcaraz Durán,EVE,MID,5.2,2.20,0,1,0.140,0.059,MUN (H)
Kiernan Dewsbury-Hall,EVE,MID,4.9,60.60,5,4,0.135,0.202,MUN (H)
Merlin Röhl,EVE,MID,5.0,18.00,0,0,0.107,0.072,MUN (H)
Idrissa Gana Gueye,EVE,MID,5.4,69.80,2,1,0.081,0.056,MUN (H)
Harrison Armstrong,EVE,MID,4.5,62.00,0,0,0.076,0.024,MUN (H)
James Garner,EVE,MID,5.2,90.00,2,3,0.072,0.181,MUN (H)
Dwight McNeil,EVE,MID,5.5,27.00,0,2,0.071,0.132,MUN (H)
Tyler Dibling,EVE,MID,5.3,5.80,0,0,0.037,0.057,MUN (H)
Tim Iroegbunam,EVE,MID,4.8,2.20,0,3,0.028,0.168,MUN (H)
Callum Bates,EVE,MID,4.3,0.00,0,0,0.000,0.000,MUN (H)
Coby Ebere,EVE,MID,4.4,0.00,0,0,0.000,0.000,MUN (H)
Isaac Heath,EVE,MID,4.5,0.00,0,0,0.000,0.000,MUN (H)
Jenson Metcalfe,EVE,MID,4.5,0.00,0,0,0.000,0.000,MUN (H)
Tyler Onyango,EVE,MID,4.5,0.00,0,0,0.000,0.000,MUN (H)
Timothy Castagne,FUL,DEF,4.3,70.40,0,1,0.060,0.033,SUN (A)
Joachim Andersen,FUL,DEF,4.5,90.00,0,1,0.060,0.021,SUN (A)
Calvin Bassey,FUL,DEF,4.4,18.80,1,0,0.051,0.005,SUN (A)
Kenny Tete,FUL,DEF,4.5,19.40,1,0,0.034,0.052,SUN (A)
Antonee Robinson,FUL,DEF,4.9,43.60,0,0,0.015,0.070,SUN (A)
Issa Diop,FUL,DEF,4.3,0.40,0,0,0.010,0.000,SUN (A)
Jorge Cuenca Barreno,FUL,DEF,4.3,71.00,0,0,0.005,0.051,SUN (A)
Samuel Amissah,FUL,DEF,3.8,0.00,0,0,0.000,0.000,SUN (A)
Raúl Jiménez Rodríguez,FUL,FWD,6.1,80.00,6,5,0.451,0.037,SUN (A)
Rodrigo Muniz Carvalho,FUL,FWD,5.3,9.00,1,1,0.254,0.002,SUN (A)
Jonah Kusi-Asare,FUL,FWD,4.5,0.40,0,0,0.000,0.388,SUN (A)
Alfie McNally,FUL,GKP,4.0,0.00,0,0,0.000,0.000,SUN (A)
Benjamin Lecomte,FUL,GKP,3.9,0.00,0,0,0.000,0.000,SUN (A)
Bernd Leno,FUL,GKP,4.9,90.00,0,0,0.000,0.000,SUN (A)
Steven Benda,FUL,GKP,4.0,0.00,0,0,0.000,0.000,SUN (A)
Emile Smith Rowe,FUL,MID,5.6,71.00,3,1,0.252,0.064,SUN (A)
Samuel Chukwueze,FUL,MID,5.3,48.40,3,4,0.209,0.347,SUN (A)
Harrison Reed,FUL,MID,4.3,1.80,1,0,0.180,0.000,SUN (A)
Harry Wilson,FUL,MID,6.0,85.60,8,6,0.171,0.165,SUN (A)
Josh King,FUL,MID,4.4,9.00,0,2,0.137,0.042,SUN (A)
Saša Lukić,FUL,MID,4.9,13.00,1,3,0.130,0.101,SUN (A)
Tom Cairney,FUL,MID,4.8,11.20,1,0,0.112,0.040,SUN (A)
Kevin Santos Lopes de Macedo,FUL,MID,5.8,29.40,1,2,0.106,0.146,SUN (A)
Oscar Bobb,FUL,MID,5.1,5.00,0,1,0.087,0.212,SUN (A)
Ryan Sessegnon,FUL,MID,5.4,58.80,2,3,0.075,0.128,SUN (A)
Alex Iwobi,FUL,MID,6.3,71.40,2,2,0.058,0.117,SUN (A)
Sander Berge,FUL,MID,4.9,88.00,0,2,0.035,0.064,SUN (A)
Andreas Hoelgebaum Pereira,FUL,MID,5.3,0.00,0,0,0.000,0.000,SUN (A)
Luke Harris,FUL,MID,4.5,0.00,0,0,0.000,0.000,SUN (A)
Martial Godo,FUL,MID,4.5,0.00,0,0,0.000,0.000,SUN (A)
Seth Ridgeon,FUL,MID,4.5,0.00,0,0,0.000,0.000,SUN (A)
James Justin,LEE,DEF,3.9,81.00,1,1,0.122,0.173,AVL (A)
Pascal Struijk,LEE,DEF,4.3,72.00,0,1,0.113,0.029,AVL (A)
Jayden Bogle,LEE,DEF,4.4,88.00,1,3,0.073,0.053,AVL (A)
Joe Rodon,LEE,DEF,3.9,90.00,2,0,0.058,0.012,AVL (A)
Jaka Bijol,LEE,DEF,3.9,18.00,1,2,0.033,0.065,AVL (A)
Gabriel Gudmundsson,LEE,DEF,3.8,72.00,0,0,0.029,0.104,AVL (A)
Isaac Schmidt,LEE,DEF,4.0,0.00,0,0,0.000,0.000,AVL (A)
Sam Byram,LEE,DEF,3.8,0.00,0,0,0.000,0.000,AVL (A)
Sebastiaan Bornauw,LEE,DEF,3.8,28.00,0,0,0.000,0.000,AVL (A)
Lukas Nmecha,LEE,FWD,5.0,18.00,6,1,0.793,0.091,AVL (A)
Dominic Calvert-Lewin,LEE,FWD,5.9,70.80,10,2,0.580,0.071,AVL (A)
Joël Piroe,LEE,FWD,4.9,1.00,0,0,0.423,0.000,AVL (A)
Harry Gray,LEE,FWD,4.5,0.00,0,0,0.000,0.000,AVL (A)
Mateo Joseph Fernández-Regatillo,LEE,FWD,5.0,0.00,0,0,0.000,0.000,AVL (A)
Patrick Bamford,LEE,FWD,4.9,0.00,0,0,0.000,0.000,AVL (A)
Alex Cairns,LEE,GKP,3.9,0.00,0,0,0.000,0.000,AVL (A)
Illan Meslier,LEE,GKP,4.2,0.00,0,0,0.000,0.000,AVL (A)
Karl Darlow,LEE,GKP,3.9,90.00,0,0,0.000,0.000,AVL (A)
Lucas Estella Perri,LEE,GKP,4.5,0.00,0,0,0.000,0.000,AVL (A)
Noah Okafor,LEE,MID,5.5,47.00,4,2,0.330,0.091,AVL (A)
Brenden Aaronson,LEE,MID,5.4,82.20,4,6,0.250,0.209,AVL (A)
Jack Harrison,LEE,MID,5.1,0.00,0,0,0.168,0.131,AVL (A)
Daniel James,LEE,MID,5.2,4.00,0,0,0.151,0.095,AVL (A)
Anton Stach,LEE,MID,4.7,32.80,3,6,0.117,0.246,AVL (A)
Tanaka Ao,LEE,MID,4.8,6.60,2,0,0.101,0.074,AVL (A)
Wilfried Gnonto,LEE,MID,5.2,5.80,0,2,0.076,0.185,AVL (A)
Sean Longstaff,LEE,MID,4.8,11.80,1,2,0.067,0.226,AVL (A)
Facundo Buonanotte,LEE,MID,4.6,4.80,0,0,0.060,0.227,AVL (A)
Ethan Ampadu,LEE,MID,4.9,90.00,1,1,0.060,0.035,AVL (A)
Ilia Gruev,LEE,MID,4.7,74.00,0,4,0.054,0.127,AVL (A)
Charlie Crew,LEE,MID,4.5,0.00,0,0,0.000,0.000,AVL (A)
Darko Gyabi,LEE,MID,4.5,0.00,0,0,0.000,0.000,AVL (A)
Joe Gelhardt,LEE,MID,4.5,0.00,0,0,0.000,0.000,AVL (A)
Largie Ramazani,LEE,MID,4.9,0.00,0,0,0.000,0.000,AVL (A)
Sam Chambers,LEE,MID,4.4,0.00,0,0,0.000,0.000,AVL (A)
Sam Greenwood,LEE,MID,4.9,0.00,0,0,0.000,0.000,AVL (A)
Virgil van Dijk,LIV,DEF,5.9,90.00,2,0,0.079,0.007,NFO (A)
Ibrahima Konaté,LIV,DEF,5.4,72.00,1,0,0.076,0.028,NFO (A)
Jeremie Frimpong,LIV,DEF,5.7,29.60,0,4,0.058,0.286,NFO (A)
Joe Gomez,LIV,DEF,4.9,10.80,0,2,0.054,0.162,NFO (A)
Milos Kerkez,LIV,DEF,5.6,60.40,1,1,0.049,0.089,NFO (A)
Andrew Robertson,LIV,DEF,5.7,29.40,0,0,0.041,0.171,NFO (A)
Conor Bradley,LIV,DEF,4.9,0.00,0,2,0.021,0.112,NFO (A)
Amara Nallo,LIV,DEF,3.7,0.00,0,0,0.000,0.000,NFO (A)
Calvin Ramsay,LIV,DEF,3.8,0.00,0,0,0.000,0.000,NFO (A)
Giovanni Leoni,LIV,DEF,4.9,0.00,0,0,0.000,0.000,NFO (A)
Konstantinos Tsimikas,LIV,DEF,4.8,0.00,0,0,0.000,0.000,NFO (A)
Rhys Williams,LIV,DEF,3.7,0.00,0,0,0.000,0.000,NFO (A)
Wellity Lucky,LIV,DEF,4.0,0.00,0,0,0.000,0.000,NFO (A)
Hugo Ekitiké,LIV,FWD,8.9,76.20,10,2,0.514,0.112,NFO (A)
Alexander Isak,LIV,FWD,10.3,0.00,2,1,0.480,0.147,NFO (A)
Darwin Núñez Ribeiro,LIV,FWD,6.5,0.00,0,0,0.000,0.000,NFO (A)
Jayden Danns,LIV,FWD,4.3,0.00,0,0,0.000,0.000,NFO (A)
Alisson Becker,LIV,GKP,5.4,90.00,0,0,0.000,0.001,NFO (A)
Freddie Woodman,LIV,GKP,3.9,0.00,0,0,0.000,0.000,NFO (A)
Giorgi Mamardashvili,LIV,GKP,4.1,0.00,0,0,0.000,0.000,NFO (A)
Ármin Pécsi,LIV,GKP,3.8,0.00,0,0,0.000,0.000,NFO (A)
Rio Ngumoha,LIV,MID,4.3,5.60,1,0,0.681,0.285,NFO (A)
Federico Chiesa,LIV,MID,6.3,2.40,2,1,0.669,0.643,NFO (A)
Mohamed Salah,LIV,MID,14.0,70.60,4,6,0.379,0.280,NFO (A)
Cody Gakpo,LIV,MID,7.3,79.60,5,3,0.327,0.274,NFO (A)
Florian Wirtz,LIV,MID,8.4,89.20,4,3,0.280,0.189,NFO (A)
Dominik Szoboszlai,LIV,MID,6.7,72.00,4,2,0.147,0.173,NFO (A)
Alexis Mac Allister,LIV,MID,6.2,68.00,0,2,0.110,0.081,NFO (A)
Curtis Jones,LIV,MID,5.4,28.60,0,2,0.076,0.188,NFO (A)
Ryan Gravenberch,LIV,MID,5.5,87.40,4,4,0.045,0.081,NFO (A)
Endo Wataru,LIV,MID,4.9,25.40,0,1,0.000,0.000,NFO (A)
James McConnell,LIV,MID,4.4,0.00,0,0,0.000,0.000,NFO (A)
Kieran Morrison,LIV,MID,4.5,0.00,0,0,0.000,0.000,NFO (A)
Luis Díaz Marulanda,LIV,MID,8.0,0.00,0,0,0.000,0.000,NFO (A)
Stefan Bajčetić Maquieira,LIV,MID,4.3,0.00,0,0,0.000,0.000,NFO (A)
Trey Nyoni,LIV,MID,4.3,0.00,0,0,0.000,0.000,NFO (A)
Tyler Morton,LIV,MID,4.5,0.00,0,0,0.000,0.000,NFO (A)
Max Alleyne,MCI,DEF,4.1,9.00,0,0,0.249,0.021,NEW (H)
Joško Gvardiol,MCI,DEF,5.9,0.00,2,2,0.151,0.044,NEW (H)
Nico O'Reilly,MCI,DEF,4.9,81.00,2,3,0.126,0.074,NEW (H)
Marc Guéhi,MCI,DEF,5.2,72.00,2,4,0.110,0.077,NEW (H)
Rayan Aït-Nouri,MCI,DEF,5.7,51.80,0,0,0.058,0.138,NEW (H)
Nathan Aké,MCI,DEF,5.3,18.20,0,0,0.037,0.130,NEW (H)
Abdukodir Khusanov,MCI,DEF,5.4,72.00,0,0,0.037,0.012,NEW (H)
Matheus Nunes,MCI,DEF,5.4,65.80,1,7,0.028,0.084,NEW (H)
Rúben dos Santos Gato Alves Dias,MCI,DEF,5.5,23.80,2,0,0.026,0.025,NEW (H)
Rico Lewis,MCI,DEF,4.6,18.00,0,1,0.022,0.450,NEW (H)
John Stones,MCI,DEF,5.4,0.00,0,0,0.000,0.016,NEW (H)
Manuel Akanji,MCI,DEF,5.4,0.00,0,0,0.000,0.000,NEW (H)
Stephen Mfuni,MCI,DEF,3.9,0.00,0,0,0.000,0.000,NEW (H)
Vitor de Oliveira Nunes dos Reis,MCI,DEF,5.0,0.00,0,0,0.000,0.000,NEW (H)
Erling Haaland,MCI,FWD,14.9,64.20,22,6,0.909,0.179,NEW (H)
Ederson Santana de Moraes,MCI,GKP,5.3,0.00,0,0,0.000,0.000,NEW (H)
Gianluigi Donnarumma,MCI,GKP,5.6,90.00,0,0,0.000,0.000,NEW (H)
James Trafford,MCI,GKP,4.5,0.00,0,0,0.000,0.000,NEW (H)
Marcus Bettinelli,MCI,GKP,3.8,0.00,0,0,0.000,0.000,NEW (H)
Omar Marmoush,MCI,MID,8.3,35.80,1,1,0.437,0.314,NEW (H)
Antoine Semenyo,MCI,MID,7.9,90.00,13,6,0.380,0.120,NEW (H)
Phil Foden,MCI,MID,8.2,29.20,7,3,0.298,0.226,NEW (H)
Tijjani Reijnders,MCI,MID,5.1,24.20,5,2,0.270,0.186,NEW (H)
Sávio Moreira de Oliveira,MCI,MID,6.9,0.00,0,2,0.217,0.200,NEW (H)
Rayan Cherki,MCI,MID,6.5,46.60,3,8,0.182,0.488,NEW (H)
Jérémy Doku,MCI,MID,6.4,19.00,1,7,0.138,0.324,NEW (H)
Bernardo Mota Veiga de Carvalho e Silva,MCI,MID,6.2,81.00,1,4,0.059,0.129,NEW (H)
Nico González Iglesias,MCI,MID,5.9,7.80,1,0,0.037,0.066,NEW (H)
Rodrigo 'Rodri' Hernandez Cascante,MCI,MID,6.3,86.00,0,0,0.027,0.121,NEW (H)
Divine Mukasa,MCI,MID,4.4,2.00,0,0,0.000,0.907,NEW (H)
Charlie Gray,MCI,MID,4.5,0.00,0,0,0.000,0.000,NEW (H)
Claudio Echeverri,MCI,MID,5.4,0.00,0,0,0.000,0.000,NEW (H)
Kalvin Phillips,MCI,MID,4.7,0.00,0,0,0.000,0.000,NEW (H)
Mateo Kovačić,MCI,MID,5.8,0.00,0,0,0.000,0.000,NEW (H)
Reigan Heskey,MCI,MID,4.5,0.00,0,0,0.000,0.000,NEW (H)
Ryan McAidoo,MCI,MID,4.5,0.00,0,0,0.000,0.000,NEW (H)
Sverre Nypan,MCI,MID,5.0,0.00,0,0,0.000,0.000,NEW (H)
İlkay Gündoğan,MCI,MID,6.3,0.00,0,0,0.000,0.000,NEW (H)
Patrick Dorgu,MUN,DEF,4.3,34.00,3,3,0.141,0.179,EVE (A)
Harry Maguire,MUN,DEF,4.3,85.40,1,1,0.103,0.023,EVE (A)
Matthijs de Ligt,MUN,DEF,4.9,0.00,1,0,0.102,0.033,EVE (A)
Diogo Dalot Teixeira,MUN,DEF,4.5,87.20,1,6,0.066,0.095,EVE (A)
Leny Yoro,MUN,DEF,4.1,4.60,0,1,0.061,0.008,EVE (A)
Ayden Heaven,MUN,DEF,3.7,0.20,0,1,0.030,0.051,EVE (A)
Noussair Mazraoui,MUN,DEF,4.9,1.80,0,0,0.016,0.015,EVE (A)
Luke Shaw,MUN,DEF,4.5,89.20,0,1,0.012,0.050,EVE (A)
Lisandro Martínez,MUN,DEF,4.8,90.00,0,0,0.005,0.044,EVE (A)
Diego León Blanco,MUN,DEF,4.2,0.00,0,0,0.000,0.000,EVE (A)
Godwill Kukonki,MUN,DEF,4.0,0.00,0,0,0.000,0.000,EVE (A)
Harry Amass,MUN,DEF,4.0,0.00,0,0,0.000,0.000,EVE (A)
Tyler Fredricson,MUN,DEF,3.8,0.00,0,0,0.000,0.000,EVE (A)
Tyrell Malacia,MUN,DEF,3.8,0.00,0,0,0.000,0.000,EVE (A)
Benjamin Sesko,MUN,FWD,7.2,12.20,6,2,0.680,0.043,EVE (A)
Joshua Zirkzee,MUN,FWD,5.8,2.20,2,1,0.589,0.199,EVE (A)
Chido Obi,MUN,FWD,4.2,0.00,0,0,0.000,0.000,EVE (A)
Ethan Wheatley,MUN,FWD,4.5,0.00,0,0,0.000,0.000,EVE (A)
Rasmus Højlund,MUN,FWD,6.3,0.00,0,0,0.000,0.000,EVE (A)
Altay Bayındır,MUN,GKP,4.7,0.00,0,0,0.000,0.008,EVE (A)
André Onana,MUN,GKP,4.9,0.00,0,0,0.000,0.000,EVE (A)
Dermot Mee,MUN,GKP,3.9,0.00,0,0,0.000,0.000,EVE (A)
Elyh Harrison,MUN,GKP,4.0,0.00,0,0,0.000,0.000,EVE (A)
Senne Lammens,MUN,GKP,5.0,90.00,0,0,0.000,0.000,EVE (A)
Tom Heaton,MUN,GKP,3.9,0.00,0,0,0.000,0.000,EVE (A)
Shea Lacey,MUN,MID,4.5,0.00,0,0,0.890,0.000,EVE (A)
Bryan Mbeumo,MUN,MID,8.6,80.80,9,2,0.414,0.161,EVE (A)
Bruno Borges Fernandes,MUN,MID,9.8,90.00,6,12,0.370,0.304,EVE (A)
Matheus Santos Carneiro da Cunha,MUN,MID,8.1,51.00,6,2,0.284,0.127,EVE (A)
Amad Diallo,MUN,MID,6.2,89.40,2,4,0.216,0.176,EVE (A)
Carlos Henrique Casimiro,MUN,MID,5.6,84.00,5,4,0.215,0.126,EVE (A)
Mason Mount,MUN,MID,5.9,0.20,3,0,0.186,0.150,EVE (A)
Manuel Ugarte Ribeiro,MUN,MID,4.7,5.40,0,0,0.037,0.018,EVE (A)
Jack Fletcher,MUN,MID,4.3,0.00,0,0,0.035,0.107,EVE (A)
Kobbie Mainoo,MUN,MID,4.6,90.00,0,2,0.018,0.072,EVE (A)
Bendito Mantato,MUN,MID,4.5,0.00,0,0,0.000,0.235,EVE (A)
Antony dos Santos,MUN,MID,5.9,0.00,0,0,0.000,0.000,EVE (A)
Jack Moorhouse,MUN,MID,4.5,0.00,0,0,0.000,0.000,EVE (A)
Jayce Fitzgerald,MUN,MID,4.3,0.00,0,0,0.000,0.000,EVE (A)
Marcus Rashford,MUN,MID,7.0,0.00,0,0,0.000,0.000,EVE (A)
Sékou Koné,MUN,MID,4.3,0.00,0,0,0.000,0.000,EVE (A)
Toby Collyer,MUN,MID,4.5,0.00,0,0,0.000,0.000,EVE (A)
Tyler Fletcher,MUN,MID,4.4,0.20,0,0,0.000,0.000,EVE (A)
Jamaal Lascelles,NEW,DEF,4.3,0.00,0,0,0.881,0.000,MCI (A)
Malick Thiaw,NEW,DEF,5.0,90.00,4,0,0.193,0.036,MCI (A)
Sven Botman,NEW,DEF,4.9,72.00,1,1,0.092,0.051,MCI (A)
Fabian Schär,NEW,DEF,5.2,0.00,0,0,0.079,0.013,MCI (A)
Lewis Hall,NEW,DEF,5.3,71.80,0,2,0.058,0.122,MCI (A)
Tino Livramento,NEW,DEF,4.9,0.00,0,1,0.010,0.049,MCI (A)
Dan Burn,NEW,DEF,5.0,36.60,0,3,0.009,0.023,MCI (A)
Kieran Trippier,NEW,DEF,4.9,87.80,0,0,0.004,0.121,MCI (A)
Alex Murphy,NEW,DEF,3.8,0.20,0,0,0.000,0.000,MCI (A)
Emil Krafth,NEW,DEF,4.3,0.00,0,0,0.000,0.000,MCI (A)
Harrison Ashby,NEW,DEF,3.9,0.00,0,0,0.000,0.000,MCI (A)
Leo Shahar,NEW,DEF,4.0,0.00,0,0,0.000,0.000,MCI (A)
Matt Targett,NEW,DEF,4.0,0.00,0,0,0.000,0.000,MCI (A)
Miodrag Pivaš,NEW,DEF,3.8,0.00,0,0,0.000,0.000,MCI (A)
Yoane Wissa,NEW,FWD,7.3,33.00,1,0,0.539,0.030,MCI (A)
Nick Woltemade,NEW,FWD,6.9,31.60,7,3,0.475,0.071,MCI (A)
William Osula,NEW,FWD,5.4,6.60,1,1,0.361,0.027,MCI (A)
Sean Neave,NEW,FWD,4.3,0.00,0,0,0.000,0.000,MCI (A)
Aaron Ramsdale,NEW,GKP,4.8,0.00,0,0,0.000,0.012,MCI (A)
John Ruddy,NEW,GKP,4.0,0.00,0,0,0.000,0.000,MCI (A)
Mark Gillespie,NEW,GKP,3.9,0.00,0,0,0.000,0.000,MCI (A)
Nick Pope,NEW,GKP,5.1,90.00,0,1,0.000,0.000,MCI (A)
Odysseas Vlachodimos,NEW,GKP,4.0,0.00,0,0,0.000,0.000,MCI (A)
Harvey Barnes,NEW,MID,6.1,86.40,5,0,0.413,0.151,MCI (A)
Anthony Gordon,NEW,MID,7.2,61.00,3,4,0.394,0.230,MCI (A)
Jacob Murphy,NEW,MID,5.9,15.40,2,1,0.233,0.332,MCI (A)
Bruno Guimarães Rodriguez Moura,NEW,MID,7.0,54.00,9,6,0.215,0.161,MCI (A)
Joe Willock,NEW,MID,5.0,42.00,0,0,0.151,0.103,MCI (A)
Jacob Ramsey,NEW,MID,5.3,41.80,1,0,0.115,0.065,MCI (A)
Joelinton Cássio Apolinário de Lira,NEW,MID,5.9,27.40,2,0,0.115,0.064,MCI (A)
Lewis Miley,NEW,MID,4.5,22.60,1,3,0.112,0.139,MCI (A)
Anthony Elanga,NEW,MID,6.5,48.20,0,1,0.109,0.157,MCI (A)
Sandro Tonali,NEW,MID,5.3,68.00,0,1,0.058,0.094,MCI (A)
Antoñito Cordero Campillo,NEW,MID,4.9,0.00,0,0,0.000,0.000,MCI (A)
Garang Kuol,NEW,MID,4.4,0.00,0,0,0.000,0.000,MCI (A)
Isaac Hayden,NEW,MID,4.5,0.00,0,0,0.000,0.000,MCI (A)
Joe White,NEW,MID,4.5,0.00,0,0,0.000,0.000,MCI (A)
Sam Alabi,NEW,MID,4.5,0.00,0,0,0.000,0.000,MCI (A)
Seung-Soo Park,NEW,MID,4.3,0.00,0,0,0.000,0.000,MCI (A)
Nicolò Savona,NFO,DEF,4.5,0.00,2,0,0.107,0.052,LIV (H)
Felipe Rodrigues da Silva,NFO,DEF,4.3,45.60,0,0,0.080,0.008,LIV (H)
Neco Williams,NFO,DEF,4.7,62.80,1,1,0.053,0.125,LIV (H)
Ola Aina,NFO,DEF,4.7,90.00,0,1,0.032,0.026,LIV (H)
Murillo Costa dos Santos,NFO,DEF,5.2,54.00,1,0,0.028,0.025,LIV (H)
Nikola Milenković,NFO,DEF,5.1,90.00,0,0,0.028,0.016,LIV (H)
Oleksandr Zinchenko,NFO,DEF,4.9,0.00,0,0,0.020,0.117,LIV (H)
David Mota Veiga Teixeira do Carmo,NFO,DEF,4.5,0.00,0,0,0.000,0.000,LIV (H)
Jair Paula da Cunha Filho,NFO,DEF,4.2,0.00,0,0,0.000,0.000,LIV (H)
Luca Netz,NFO,DEF,4.5,7.00,0,0,0.000,0.000,LIV (H)
Luis Eduardo Soares da Silva,NFO,DEF,4.5,0.00,0,0,0.000,0.000,LIV (H)
Omar Richards,NFO,DEF,4.5,0.00,0,0,0.000,0.000,LIV (H)
Willy Boly,NFO,DEF,3.8,0.00,0,0,0.000,0.000,LIV (H)
Zach Abbott,NFO,DEF,3.8,15.00,0,0,0.000,0.000,LIV (H)
Lorenzo Lucca,NFO,FWD,5.5,35.33,1,0,0.949,0.000,LIV (H)
Taiwo Awoniyi,NFO,FWD,5.2,4.40,1,0,0.670,0.369,LIV (H)
Chris Wood,NFO,FWD,7.2,0.00,2,0,0.332,0.028,LIV (H)
Igor Jesus Maciel da Cruz,NFO,FWD,5.8,56.60,2,2,0.259,0.054,LIV (H)
Arnaud Kalimuendo,NFO,FWD,6.0,0.00,0,0,0.000,0.000,LIV (H)
Angus Gunn,NFO,GKP,4.0,9.00,0,0,0.000,0.000,LIV (H)
Carlos Miguel dos Santos Pereira,NFO,GKP,4.0,0.00,0,0,0.000,0.000,LIV (H)
John Victor Maciel Furtado,NFO,GKP,4.0,0.00,0,0,0.000,0.000,LIV (H)
Matt Turner,NFO,GKP,4.0,0.00,0,0,0.000,0.000,LIV (H)
Matz Sels,NFO,GKP,4.6,45.00,0,0,0.000,0.000,LIV (H)
Stefan Ortega Moreno,NFO,GKP,4.7,36.00,0,0,0.000,0.000,LIV (H)
Morgan Gibbs-White,NFO,MID,7.3,85.20,6,2,0.293,0.115,LIV (H)
Dilane Bakwa,NFO,MID,5.9,0.00,0,1,0.181,0.211,LIV (H)
Omari Hutchinson,NFO,MID,5.4,31.20,1,5,0.171,0.311,LIV (H)
Callum Hudson-Odoi,NFO,MID,5.7,70.20,3,1,0.150,0.188,LIV (H)
Dan Ndoye,NFO,MID,5.5,16.40,1,2,0.092,0.124,LIV (H)
Elliot Anderson,NFO,MID,5.4,90.00,1,3,0.081,0.085,LIV (H)
Nicolás Domínguez,NFO,MID,5.0,49.20,1,0,0.077,0.070,LIV (H)
Ibrahim Sangaré,NFO,MID,4.9,90.00,2,2,0.071,0.090,LIV (H)
Ryan Yates,NFO,MID,4.7,13.60,0,1,0.027,0.036,LIV (H)
James McAtee,NFO,MID,5.0,0.00,0,0,0.008,0.174,LIV (H)
Eric da Silva Moreira,NFO,MID,4.5,0.00,0,0,0.000,0.000,LIV (H)
João Pedro Ferreira da Silva,NFO,MID,5.4,0.00,0,0,0.000,0.000,LIV (H)
Lewis O'Brien,NFO,MID,5.0,0.00,0,0,0.000,0.000,LIV (H)
Marko Stamenić,NFO,MID,4.5,0.00,0,0,0.000,0.000,LIV (H)
Daniel Ballard,SUN,DEF,4.6,90.00,2,1,0.120,0.027,FUL (H)
Trai Hume,SUN,DEF,4.5,77.60,0,1,0.080,0.051,FUL (H)
Nordi Mukiele,SUN,DEF,4.6,88.40,1,5,0.075,0.105,FUL (H)
Omar Alderete,SUN,DEF,4.1,86.80,1,1,0.059,0.024,FUL (H)
Arthur Masuaku,SUN,DEF,3.9,0.00,0,0,0.053,0.040,FUL (H)
Lutsharel Geertruida,SUN,DEF,4.5,7.80,0,0,0.053,0.038,FUL (H)
Reinildo Mandava,SUN,DEF,3.8,81.00,0,2,0.008,0.029,FUL (H)
Aji Alese,SUN,DEF,4.0,0.00,0,0,0.000,0.000,FUL (H)
Dennis Cirkin,SUN,DEF,4.0,9.40,0,0,0.000,0.000,FUL (H)
Jenson Jones,SUN,DEF,4.0,0.00,0,0,0.000,0.000,FUL (H)
Jenson Seelt,SUN,DEF,4.0,0.00,0,0,0.000,0.000,FUL (H)
Joe Anderson,SUN,DEF,3.8,0.00,0,0,0.000,0.000,FUL (H)
Leo Fuhr Hjelde,SUN,DEF,4.0,0.00,0,0,0.000,0.000,FUL (H)
Luke O'Nien,SUN,DEF,4.0,2.20,0,0,0.000,0.000,FUL (H)
Niall Huggins,SUN,DEF,4.0,0.00,0,0,0.000,0.000,FUL (H)
Timothée Pembélé,SUN,DEF,3.9,0.00,0,0,0.000,0.000,FUL (H)
Zak Johnson,SUN,DEF,3.8,0.00,0,0,0.000,0.000,FUL (H)
Wilson Isidor,SUN,FWD,5.1,6.20,4,0,0.399,0.000,FUL (H)
Brian Brobbey,SUN,FWD,5.5,85.20,5,1,0.239,0.049,FUL (H)
Eliezer Mayenda Dossou,SUN,FWD,5.2,16.00,1,0,0.165,0.022,FUL (H)
Ahmed Abdullahi,SUN,FWD,4.2,0.00,0,0,0.000,0.000,FUL (H)
Luís Hemir Silva Semedo,SUN,FWD,4.4,0.00,0,0,0.000,0.000,FUL (H)
Nazarii Rusyn,SUN,FWD,4.4,0.00,0,0,0.000,0.000,FUL (H)
Robin Roefs,SUN,GKP,4.9,90.00,0,0,0.000,0.027,FUL (H)
Anthony Patterson,SUN,GKP,4.2,0.00,0,0,0.000,0.000,FUL (H)
Blondy Nna Noukeu,SUN,GKP,3.9,0.00,0,0,0.000,0.000,FUL (H)
Melker Ellborg,SUN,GKP,4.0,0.00,0,0,0.000,0.000,FUL (H)
Simon Moore,SUN,GKP,3.9,0.00,0,0,0.000,0.000,FUL (H)
Patrick Roberts,SUN,MID,5.4,0.00,0,0,0.266,0.000,FUL (H)
Nilson Angulo,SUN,MID,5.0,42.00,0,0,0.255,0.039,FUL (H)
Enzo Le Fée,SUN,MID,4.9,90.00,3,4,0.157,0.100,FUL (H)
Habib Diarra,SUN,MID,5.3,60.80,1,2,0.149,0.021,FUL (H)
Chemsdine Talbi,SUN,MID,4.9,39.40,3,2,0.114,0.038,FUL (H)
Bertrand Traoré,SUN,MID,5.5,0.00,1,1,0.086,0.136,FUL (H)
Romaine Mundle,SUN,MID,4.9,35.60,0,0,0.082,0.005,FUL (H)
Chris Rigg,SUN,MID,4.7,0.00,0,0,0.058,0.091,FUL (H)
Simon Adingra,SUN,MID,4.9,0.00,1,1,0.045,0.099,FUL (H)
Granit Xhaka,SUN,MID,5.1,18.00,1,5,0.019,0.136,FUL (H)
Noah Sadiki,SUN,MID,4.9,86.00,0,1,0.016,0.020,FUL (H)
Abdoullah Ba,SUN,MID,4.3,0.00,0,0,0.000,0.000,FUL (H)
Alan Browne,SUN,MID,4.5,0.00,0,0,0.000,0.000,FUL (H)
Dan Neil,SUN,MID,4.8,0.00,0,0,0.000,0.000,FUL (H)
Djiamgone Jocelin Ta Bi,SUN,MID,5.0,0.00,0,0,0.000,0.000,FUL (H)
Harrison Jones,SUN,MID,4.3,0.00,0,0,0.000,0.000,FUL (H)
Ian Poveda-Ocampo,SUN,MID,4.8,0.00,0,0,0.000,0.000,FUL (H)
Jay Matete,SUN,MID,4.3,0.00,0,0,0.000,0.000,FUL (H)
Milan Aleksić,SUN,MID,4.9,0.00,0,0,0.000,0.000,FUL (H)
Nectarios Triantis,SUN,MID,4.4,0.00,0,0,0.000,0.000,FUL (H)
Pierre Ekwah Elimby,SUN,MID,4.5,0.00,0,0,0.000,0.000,FUL (H)
Tymur Tutierov,SUN,MID,4.5,0.00,0,0,0.000,0.000,FUL (H)
Ben Davies,TOT,DEF,4.3,3.60,1,0,0.524,0.016,ARS (H)
Micky van de Ven,TOT,DEF,4.5,72.00,4,1,0.101,0.040,ARS (H)
Cristian Romero,TOT,DEF,5.0,50.60,4,1,0.094,0.089,ARS (H)
Radu Drăgușin,TOT,DEF,4.5,47.80,0,0,0.066,0.000,ARS (H)
Djed Spence,TOT,DEF,4.2,50.20,0,0,0.057,0.095,ARS (H)
Pedro Porro Sauceda,TOT,DEF,5.2,27.00,0,3,0.024,0.139,ARS (H)
Destiny Udogie,TOT,DEF,4.3,37.80,0,1,0.018,0.058,ARS (H)
Kevin Danso,TOT,DEF,4.2,15.40,0,0,0.002,0.000,ARS (H)
Ashley Phillips,TOT,DEF,4.0,0.00,0,0,0.000,0.000,ARS (H)
James Rowswell,TOT,DEF,4.0,0.00,0,0,0.000,0.000,ARS (H)
João Victor de Souza Menezes,TOT,DEF,4.0,11.67,0,0,0.000,0.000,ARS (H)
Jun'ai Byfield,TOT,DEF,4.0,0.20,0,0,0.000,0.000,ARS (H)
Luka Vušković,TOT,DEF,3.9,0.00,0,0,0.000,0.000,ARS (H)
Takai Kōta,TOT,DEF,4.0,0.00,0,0,0.000,0.000,ARS (H)
Richarlison de Andrade,TOT,FWD,6.3,0.00,7,3,0.339,0.086,ARS (H)
Dominic Solanke-Mitchell,TOT,FWD,7.2,75.20,2,0,0.265,0.035,ARS (H)
Randal Kolo Muani,TOT,FWD,6.9,37.40,0,0,0.158,0.065,ARS (H)
Dane Scarlett,TOT,FWD,4.3,1.00,0,0,0.000,0.000,ARS (H)
Will Lankshear,TOT,FWD,4.5,0.00,0,0,0.000,0.000,ARS (H)
Antonín Kinský,TOT,GKP,3.9,0.00,0,0,0.000,0.000,ARS (H)
Brandon Austin,TOT,GKP,3.9,0.00,0,0,0.000,0.000,ARS (H)
Guglielmo Vicario,TOT,GKP,4.8,90.00,0,0,0.000,0.000,ARS (H)
Mathys Tel,TOT,MID,6.2,32.00,3,1,0.271,0.052,ARS (H)
Wilson Odobert,TOT,MID,5.3,53.20,0,2,0.234,0.186,ARS (H)
Conor Gallagher,TOT,MID,5.4,82.40,0,1,0.205,0.081,ARS (H)
Mohammed Kudus,TOT,MID,6.4,0.00,2,6,0.135,0.147,ARS (H)
Archie Gray,TOT,MID,4.8,65.40,2,0,0.131,0.056,ARS (H)
Lucas Bergvall,TOT,MID,5.2,0.20,1,2,0.119,0.028,ARS (H)
Pape Matar Sarr,TOT,MID,4.5,45.00,2,3,0.106,0.092,ARS (H)
Xavi Simons,TOT,MID,6.5,90.00,1,4,0.098,0.259,ARS (H)
João Maria Lobo Alves Palhares Costa Palhinha Gonçalves,TOT,MID,5.5,42.80,3,3,0.066,0.033,ARS (H)
Yves Bissouma,TOT,MID,5.2,48.80,0,0,0.056,0.000,ARS (H)
Rodrigo Bentancur,TOT,MID,5.3,0.00,1,1,0.046,0.048,ARS (H)
Bryan Gil Salvatierra,TOT,MID,4.9,0.00,0,0,0.000,0.000,ARS (H)
Callum Olusesi,TOT,MID,4.3,0.00,0,0,0.000,0.000,ARS (H)
Dejan Kulusevski,TOT,MID,6.4,0.00,0,0,0.000,0.000,ARS (H)
James Maddison,TOT,MID,6.8,0.00,0,0,0.000,0.000,ARS (H)
Lucá Williams-Barnett,TOT,MID,4.5,0.00,0,0,0.000,0.000,ARS (H)
Manor Solomon,TOT,MID,5.4,0.00,0,0,0.000,0.000,ARS (H)
Mikey Moore,TOT,MID,5.0,0.00,0,0,0.000,0.000,ARS (H)
Rio Kyerematen,TOT,MID,4.5,0.00,0,0,0.000,0.000,ARS (H)
Son Heung-min,TOT,MID,8.5,0.00,0,0,0.000,0.000,ARS (H)
Yang Min-hyeok,TOT,MID,4.5,0.00,0,0,0.000,0.000,ARS (H)
Yusuf Akhamrich,TOT,MID,4.5,0.00,0,0,0.000,0.000,ARS (H)
Kyle Walker-Peters,WHU,DEF,4.2,0.40,1,0,0.114,0.022,BOU (H)
Ezra Mayers,WHU,DEF,4.0,0.00,0,0,0.104,0.110,BOU (H)
Konstantinos Mavropanos,WHU,DEF,4.4,90.00,0,0,0.056,0.000,BOU (H)
Nayef Aguerd,WHU,DEF,4.4,0.00,0,0,0.050,0.015,BOU (H)
Jean-Clair Todibo,WHU,DEF,4.3,54.00,0,1,0.039,0.022,BOU (H)
Maximilian Kilman,WHU,DEF,4.2,5.20,0,0,0.032,0.014,BOU (H)
Ollie Scarles,WHU,DEF,4.3,38.00,0,1,0.025,0.044,BOU (H)
El Hadji Malick Diouf,WHU,DEF,4.0,51.40,0,5,0.022,0.069,BOU (H)
Axel Disasi,WHU,DEF,4.5,90.00,0,0,0.007,0.012,BOU (H)
Aaron Wan-Bissaka,WHU,DEF,4.1,90.00,0,3,0.000,0.055,BOU (H)
Airidas Golambeckis,WHU,DEF,4.0,0.00,0,0,0.000,0.000,BOU (H)
Emerson Palmieri dos Santos,WHU,DEF,4.4,0.00,0,0,0.000,0.000,BOU (H)
Kaelan Casey,WHU,DEF,4.0,0.00,0,0,0.000,0.000,BOU (H)
Valentín Castellanos,WHU,FWD,5.5,77.00,1,1,0.511,0.043,BOU (H)
Callum Marshall,WHU,FWD,4.3,0.00,0,0,0.468,0.000,BOU (H)
Callum Wilson,WHU,FWD,5.8,22.40,5,2,0.463,0.034,BOU (H)
Jarrod Bowen,WHU,FWD,7.6,87.80,8,4,0.274,0.119,BOU (H)
Niclas Füllkrug,WHU,FWD,5.6,0.00,0,0,0.213,0.097,BOU (H)
Pablo Felipe Pereira de Jesus,WHU,FWD,5.5,44.60,0,0,0.122,0.025,BOU (H)
Alphonse Areola,WHU,GKP,4.3,54.00,0,1,0.000,0.001,BOU (H)
Krisztián Hegyi,WHU,GKP,3.9,0.00,0,0,0.000,0.000,BOU (H)
Lukasz Fabianski,WHU,GKP,4.5,0.00,0,0,0.000,0.000,BOU (H)
Mads Hermansen,WHU,GKP,4.2,36.00,0,0,0.000,0.000,BOU (H)
Wes Foderingham,WHU,GKP,4.0,0.00,0,0,0.000,0.000,BOU (H)
Mohamadou Kanté,WHU,MID,4.5,0.00,0,0,0.737,1.236,BOU (H)
Tomáš Souček,WHU,MID,5.7,90.00,3,2,0.247,0.028,BOU (H)
Crysencio Summerville,WHU,MID,5.6,89.80,4,3,0.212,0.073,BOU (H)
Lucas Tolentino Coelho de Lima,WHU,MID,5.9,0.00,4,2,0.170,0.119,BOU (H)
Adama Traoré Diarra,WHU,MID,5.1,2.20,0,0,0.113,0.182,BOU (H)
Soungoutou Magassa,WHU,MID,5.0,2.20,1,0,0.065,0.090,BOU (H)
Mateus Gonçalo Espanha Fernandes,WHU,MID,5.5,90.00,3,3,0.054,0.087,BOU (H)
Freddie Potts,WHU,MID,4.4,25.40,0,1,0.018,0.098,BOU (H)
Guido Rodríguez,WHU,MID,4.8,2.20,0,0,0.014,0.000,BOU (H)
Andy Irving,WHU,MID,4.3,0.00,0,0,0.000,0.102,BOU (H)
Edson Álvarez Velázquez,WHU,MID,4.9,0.00,0,0,0.000,0.000,BOU (H)
George Earthy,WHU,MID,4.5,0.00,0,0,0.000,0.000,BOU (H)
Keiber Lamadrid,WHU,MID,5.0,0.00,0,0,0.000,0.000,BOU (H)
Lewis Orford,WHU,MID,4.4,0.00,0,0,0.000,0.000,BOU (H)
Luis Guilherme Lira dos Santos,WHU,MID,4.9,0.00,0,0,0.000,0.000,BOU (H)
Maxwel Cornet,WHU,MID,4.9,0.00,0,0,0.000,0.000,BOU (H)
Rodrigo Martins Gomes,WOL,DEF,4.4,43.80,1,0,0.178,0.047,CRY (A)
Santiago Ignacio Bueno,WOL,DEF,4.4,71.60,2,1,0.098,0.061,CRY (A)
Yerson Mosquera Valdelamar,WOL,DEF,4.3,72.00,0,0,0.096,0.019,CRY (A)
Ladislav Krejcí,WOL,DEF,4.5,45.40,2,1,0.073,0.042,CRY (A)
Emmanuel Agbadou,WOL,DEF,4.2,18.00,0,0,0.037,0.014,CRY (A)
Hugo Bueno López,WOL,DEF,4.3,65.40,0,2,0.026,0.126,CRY (A)
Matt Doherty,WOL,DEF,4.4,9.00,0,0,0.011,0.023,CRY (A)
David Møller Wolfe,WOL,DEF,4.2,6.20,0,2,0.010,0.150,CRY (A)
Jackson Tchatchoua,WOL,DEF,4.4,15.00,0,0,0.004,0.106,CRY (A)
Toti Gomes,WOL,DEF,4.2,0.00,0,0,0.004,0.020,CRY (A)
Ki-Jana Hoever,WOL,DEF,3.8,0.00,0,0,0.002,0.070,CRY (A)
Alfie Pond,WOL,DEF,3.9,0.00,0,0,0.000,0.000,CRY (A)
Bastien Meupiyou Menadjou,WOL,DEF,4.0,0.00,0,0,0.000,0.000,CRY (A)
Pedro Cardoso de Lima,WOL,DEF,4.0,0.40,0,0,0.000,0.000,CRY (A)
Saheed Olagunju,WOL,DEF,4.0,0.00,0,0,0.000,0.000,CRY (A)
Tolu Arokodare,WOL,FWD,5.4,57.80,2,1,0.339,0.058,CRY (A)
Mateus Mané,WOL,FWD,4.6,72.00,2,2,0.121,0.096,CRY (A)
Adam Armstrong,WOL,FWD,5.5,60.00,0,1,0.000,0.349,CRY (A)
Fábio Soares Silva,WOL,FWD,4.9,0.00,0,0,0.000,0.000,CRY (A)
Leon Chiwome,WOL,FWD,4.4,0.00,0,0,0.000,0.000,CRY (A)
Nathan Fraser,WOL,FWD,4.2,0.00,0,0,0.000,0.000,CRY (A)
Saša Kalajdžić,WOL,FWD,4.9,0.00,0,0,0.000,0.000,CRY (A)
José Malheiro de Sá,WOL,GKP,4.2,72.00,0,0,0.000,0.002,CRY (A)
Daniel Bentley,WOL,GKP,3.9,0.00,0,0,0.000,0.000,CRY (A)
Sam Johnstone,WOL,GKP,4.4,0.00,0,0,0.000,0.000,CRY (A)
Jhon Arias,WOL,MID,4.9,11.00,1,0,0.260,0.071,CRY (A)
Marshall Munetsi,WOL,MID,5.3,0.00,1,2,0.192,0.040,CRY (A)
Hwang Hee-chan,WOL,MID,5.6,36.20,2,1,0.165,0.072,CRY (A)
Jean-Ricner Bellegarde,WOL,MID,5.1,8.40,1,0,0.082,0.077,CRY (A)
Fer López González,WOL,MID,5.1,0.00,0,1,0.063,0.241,CRY (A)
João Victor Gomes da Silva,WOL,MID,5.3,72.00,0,0,0.037,0.059,CRY (A)
Angel Gomes,WOL,MID,5.0,51.67,0,0,0.030,0.078,CRY (A)
André Trindade da Costa Neto,WOL,MID,5.3,33.80,0,0,0.010,0.036,CRY (A)
Boubacar Traoré,WOL,MID,5.0,0.00,0,0,0.000,0.000,CRY (A)
Enso González Medina,WOL,MID,4.3,0.00,0,0,0.000,0.000,CRY (A)
Ethan Sutherland,WOL,MID,4.5,0.00,0,0,0.000,0.000,CRY (A)
Gonçalo Manuel Ganchinho Guedes,WOL,MID,5.5,0.00,0,0,0.000,0.000,CRY (A)
Jerome Abbey,WOL,MID,4.5,0.00,0,0,0.000,0.000,CRY (A)
Joe Hodge,WOL,MID,4.5,0.00,0,0,0.000,0.000,CRY (A)
Luke Rawlings,WOL,MID,4.5,0.00,0,0,0.000,0.000,CRY (A)
Tawanda Chirewa,WOL,MID,4.3,0.00,0,0,0.000,0.000,CRY (A)
Temple Ojinnaka,WOL,MID,4.5,0.00,0,0,0.000,0.000,CRY (A)
Tom Edozie,WOL,MID,4.3,0.00,0,0,0.000,0.000,CRY (A)
